{
    "bleu": 0.01705673575630359,
    "precisions": [
        0.09131866227690175,
        0.028211835796221107,
        0.009561122426475359,
        0.0034362433950350605
    ],
    "brevity_penalty": 1.0,
    "length_ratio": 5.009238018476037,
    "translation_length": 161588,
    "reference_length": 32258,
    "meteor": 0.2582504515815873,
    "rouge1": 0.2148496859259637,
    "rouge2": 0.07194167900609885,
    "rougeL": 0.19055979203079526,
    "rougeLsum": 0.191026978032814
}